Workbook

Sheet Products vlookup
A1: Product ID | B1: Product | C1: Prize
A2: 101 | B2: Product A | C2: 120
A3: 102 | B3: Product B | C3: 150
A4: 103 | B4: Product C | C4: 200
A5: 104 | B5: Product D | C5: 90
A6: 105 | B6: Product E | C6: 220
A7: 106 | B7: Product F | C7: 130

Sheet orders
A1: OrderID | B1: Product ID | C1: Quantity | D1: Total Prize | E1: Product | F1: Product Prize | G1: present or not | H1: price | I1: Discounted Price | J1: order not order | M1: Total Quantity
A2: 1 | B2: 101 | C2: 2 | D2: =F2*C2 -> 240 | E2: =VLOOKUP(orders!B2,'Products vlookup'!$A$1:$B$7,2,FALSE) -> Product A | F2: =VLOOKUP(B2,'Products vlookup'!$A$1:$C$7,3,FALSE) -> 120 | G2: =IF(ISNA(VLOOKUP(B2,'Products vlookup'!A1:C7,1,FALSE)),"No","yes") -> yes | H2: =VLOOKUP(B2,'Products vlookup'!$A$1:$C$7,3,FALSE) -> 120 | I2: =H2-H2*10% -> 108 | J2: =IF(ISNA(VLOOKUP(E2, A$2:D$7, 1, FALSE)), "Not Ordered", "Ordered") -> Not Ordered | K2: Maximum Value | L2: =MAX(D2:D7) -> 880 | M2: =SUMIF($B$2:$B$7, B2, $C$2:$C$7) -> 2
A3: 2 | B3: 103 | C3: 1 | D3: =F3*C3 -> 200 | E3: =VLOOKUP(orders!B3,'Products vlookup'!$A$1:$B$7,2,FALSE) -> Product C | F3: =VLOOKUP(B3,'Products vlookup'!$A$1:$C$7,3,FALSE) -> 200 | G3: =IF(ISNA(VLOOKUP(B3,'Products vlookup'!A2:C8,1,FALSE)),"No","yes") -> yes | H3: =VLOOKUP(B3,'Products vlookup'!$A$1:$C$7,3,FALSE) -> 200 | I3: =H3-H3*10% -> 180 | J3: =IF(ISNA(VLOOKUP(E3, A$2:D$7, 1, FALSE)), "Not Ordered", "Ordered") -> Not Ordered | M3: =SUMIF(B3:B8,B3,C3:C8) -> 1
A4: 3 | B4: 105 | C4: 4 | D4: =F4*C4 -> 880 | E4: =VLOOKUP(orders!B4,'Products vlookup'!$A$1:$B$7,2,FALSE) -> Product E | F4: =VLOOKUP(B4,'Products vlookup'!$A$1:$C$7,3,FALSE) -> 220 | G4: =IF(ISNA(VLOOKUP(B4,'Products vlookup'!A3:C9,1,FALSE)),"No","yes") -> yes | H4: =VLOOKUP(B4,'Products vlookup'!$A$1:$C$7,3,FALSE) -> 220 | I4: =H4-H4*10% -> 198 | J4: =IF(ISNA(VLOOKUP(E4, A$2:D$7, 1, FALSE)), "Not Ordered", "Ordered") -> Not Ordered | M4: =SUMIF(B4:B9,B4,C4:C9) -> 4
A5: 4 | B5: 106 | C5: 3 | D5: =F5*C5 -> 390 | E5: =VLOOKUP(orders!B5,'Products vlookup'!$A$1:$B$7,2,FALSE) -> Product F | F5: =VLOOKUP(B5,'Products vlookup'!$A$1:$C$7,3,FALSE) -> 130 | G5: =IF(ISNA(VLOOKUP(B5,'Products vlookup'!A4:C10,1,FALSE)),"No","yes") -> yes | H5: =VLOOKUP(B5,'Products vlookup'!$A$1:$C$7,3,FALSE) -> 130 | I5: =H5-H5*10% -> 117 | J5: =IF(ISNA(VLOOKUP(E5, A$2:D$7, 1, FALSE)), "Not Ordered", "Ordered") -> Not Ordered | M5: =SUMIF(B5:B10,B5,C5:C10) -> 3
A6: 5 | B6: 102 | C6: 5 | D6: =F6*C6 -> 750 | E6: =VLOOKUP(orders!B6,'Products vlookup'!$A$1:$B$7,2,FALSE) -> Product B | F6: =VLOOKUP(B6,'Products vlookup'!$A$1:$C$7,3,FALSE) -> 150 | G6: =IF(ISNA(VLOOKUP(B6,'Products vlookup'!A5:C11,1,FALSE)),"No","yes") -> No | H6: =VLOOKUP(B6,'Products vlookup'!$A$1:$C$7,3,FALSE) -> 150 | I6: =H6-H6*10% -> 135 | J6: =IF(ISNA(VLOOKUP(E6, A$2:D$7, 1, FALSE)), "Not Ordered", "Ordered") -> Not Ordered | M6: =SUMIF(B6:B11,B6,C6:C11) -> 5
A7: 6 | B7: 104 | C7: 6 | D7: =F7*C7 -> 540 | E7: =VLOOKUP(orders!B7,'Products vlookup'!$A$1:$B$7,2,FALSE) -> Product D | F7: =VLOOKUP(B7,'Products vlookup'!$A$1:$C$7,3,FALSE) -> 90 | G7: =IF(ISNA(VLOOKUP(B7,'Products vlookup'!A6:C12,1,FALSE)),"No","yes") -> No | H7: =VLOOKUP(B7,'Products vlookup'!$A$1:$C$7,3,FALSE) -> 90 | I7: =H7-H7*10% -> 81 | J7: =IF(ISNA(VLOOKUP(E7, A$2:D$7, 1, FALSE)), "Not Ordered", "Ordered") -> Not Ordered | M7: =SUMIF(B7:B12,B7,C7:C12) -> 6

Sheet  worksheet hlookup
A1: Product | B1: Jan | C1: Feb | D1: Mar | E1: Apr | F1: May | G1: Total | H1: Max | I1: MIN | J1: Avg
A2: Product A | B2: 120 | C2: 130 | D2: 140 | E2: 150 | F2: 160 | G2: 700 | H2: =MAX(B2:B7) -> 220 | I2: =MIN(B2:F2) -> 120 | J2: =AVERAGE(B2:F2) -> 140
A3: Product B | B3: 150 | C3: 160 | D3: 170 | E3: 180 | F3: 190 | G3: 850 | H3: =MAX(B3:F3) -> 190 | I3: =MIN(B3:F3) -> 150 | J3: =AVERAGE(B3:F3) -> 170
A4: Product C | B4: 200 | C4: 210 | D4: 220 | E4: 230 | F4: 240 | G4: 1100 | H4: =MAX(B4:B9) -> 220 | I4: =MIN(B4:F4) -> 200 | J4: =AVERAGE(B4:F4) -> 220
A5: Product D | B5: 90 | C5: 100 | D5: 110 | E5: 120 | F5: 130 | G5: 550 | H5: =MAX(B5:F5) -> 130 | I5: =MIN(B5:F5) -> 90 | J5: =AVERAGE(B5:F5) -> 110
A6: Product E | B6: 220 | C6: 230 | D6: 240 | E6: 250 | F6: 260 | G6: 1200 | H6: =MAX(B6:B11) -> 220 | I6: =MIN(B6:F6) -> 220 | J6: =AVERAGE(B6:F6) -> 240
A7: Product F | B7: 130 | C7: 140 | D7: 150 | E7: 160 | F7: 170 | G7: 750 | H7: =MAX(B7:F7) -> 170 | I7: =MIN(B7:F7) -> 130 | J7: =AVERAGE(B7:F7) -> 150
M8: 1. Use HLOOKUP to find the sales for Product A in March.
G10: Product | M10: 2. Use HLOOKUP to find the sales for Product D in May.
M12: 3. Use HLOOKUP to find the sales for Product C in February.
E13: Jan | G13: Mar | H13: =HLOOKUP(G13,B1:G7,2,FALSE) -> 140
E14: Feb | M14: 4. Use HLOOKUP to find the sales for each month for a product, then calculate the total sales for that product.
E15: Mar | G15: May | H15: =HLOOKUP(G15,B1:G7,5,FALSE) -> 130
E16: Apr | M16: 5. Use HLOOKUP to find the maximum sales value for Product B across all months.
E17: May | G17: Feb | H17: =HLOOKUP(G17, B1:G7, 4, FALSE) -> 210
M18: 6. Use HLOOKUP to find the minimum sales value for Product F across all months.
M20: 7. Use HLOOKUP to find the average sales value for Product E across all months.
